Usuario,DateCreation,Dateupdate,State
Maureen MacBain,2021-01-06,2020-11-23,abierto
Micky O' Lone,2021-01-12,2021-04-01,cerrado
Laurent Purdom,2021-10-01,2021-02-18,cerrado
Britt Klement,2021-07-19,2021-06-10,cerrado
Babette Haggata,2021-04-29,2020-12-09,cerrado
Aili Jedrzej,2021-08-12,2021-06-23,cerrado
Nessy Pantling,2020-12-07,2021-03-04,abierto
Alisha Schimek,2020-10-10,2021-04-16,abierto
Lorri Kreber,2020-12-23,2021-07-23,cerrado
Reese Graysmark,2021-03-12,2020-12-06,abierto
Addia Outridge,2021-01-13,2020-11-26,abierto
Dorree Wheelton,2021-05-25,2021-04-12,cerrado
Linell Lenney,2021-06-15,2021-04-27,abierto
Farlay Bruhnicke,2021-01-20,2020-11-27,abierto
Juliann Pawlowicz,2021-06-16,2021-07-02,cerrado
Merna Giffkins,2021-09-24,2021-07-19,cerrado
Reid Windus,2021-02-24,2021-09-16,abierto
Carey Simonelli,2021-03-16,2021-05-28,cerrado
Emmy Forton,2021-01-07,2021-08-06,cerrado
Conny Fleeman,2021-10-30,2021-04-14,cerrado
Ariel Coils,2021-10-24,2021-02-27,cerrado
Evyn Conaboy,2021-06-16,2021-06-08,abierto
Rowe Shakle,2020-11-07,2021-02-21,abierto
Grayce Cowburn,2021-01-07,2021-01-19,abierto
Adore Gabriely,2021-04-02,2021-04-26,abierto
Jaquith McKeveney,2021-11-16,2021-10-24,abierto
Oliviero Fishleigh,2021-09-04,2021-06-13,abierto
Grethel Brewer,2021-11-07,2020-12-28,cerrado
Prue Fausset,2021-11-15,2021-07-05,abierto
Dido Mattioni,2020-12-24,2021-10-17,abierto
Esme Ipwell,2021-08-25,2020-12-10,cerrado
Selinda Castleman,2021-09-06,2021-09-03,cerrado
Melissa Enion,2021-09-03,2021-10-25,abierto
Jodee McGarel,2021-08-25,2021-06-22,abierto
Raymund Punyer,2021-03-18,2021-05-27,abierto
Dalt Gillcrist,2021-07-12,2021-07-01,cerrado
Dora Ryles,2021-10-03,2021-01-21,abierto
Corbin Houdhury,2020-09-07,2021-01-05,cerrado
Ibrahim Eyeington,2020-10-01,2021-10-24,abierto
Poul Toulson,2021-10-24,2021-06-19,cerrado
Kinny Nairne,2021-05-02,2021-10-20,abierto
Gibby Dewdney,2021-03-10,2021-09-12,abierto
Kimbra Millions,2021-04-30,2020-12-06,abierto
Essie Callum,2021-08-13,2021-11-07,cerrado
Langston Davidi,2020-10-22,2021-05-29,abierto
Koren Coppenhall,2021-02-26,2021-04-03,cerrado
Gizela Daines,2021-01-22,2021-03-31,abierto
Reyna Huitson,2021-10-08,2021-05-26,abierto
Bruce Ambroisin,2021-09-02,2021-06-18,cerrado
Guinevere Gaskoin,2021-07-04,2021-03-20,cerrado
Channa Anstey,2021-08-19,2021-03-17,abierto
Peter Comley,2021-07-20,2021-02-25,cerrado
Cherida Edwick,2020-12-21,2021-03-06,cerrado
Muhammad Kempston,2021-02-15,2020-12-08,abierto
Robby Stredwick,2021-10-08,2021-10-21,cerrado
Jeth Wooler,2021-01-27,2021-10-16,abierto
Effie Stirrip,2021-11-08,2021-07-22,abierto
Mickie Dally,2020-11-24,2021-01-03,cerrado
Danita Emilien,2020-10-23,2021-09-26,abierto
Bartram Mabon,2021-07-27,2021-07-24,abierto
Brenden Mattsson,2021-01-27,2020-12-29,abierto
Pinchas Laing,2021-09-02,2021-10-14,abierto
Zeb Spens,2021-10-20,2021-08-23,abierto
Maribel Yanyshev,2021-07-12,2021-09-12,abierto
Obediah Halsted,2021-02-15,2021-08-02,cerrado
Lauretta Thewlis,2021-11-18,2021-11-08,abierto
Barbey Keuneke,2021-07-10,2021-11-04,abierto
Celina Nehl,2021-02-16,2021-05-08,cerrado
Marji Snook,2021-07-03,2021-03-28,abierto
Clevey Upjohn,2021-05-14,2021-01-23,abierto
Brenn Reburn,2020-10-16,2021-05-08,abierto
Ursa Swaysland,2021-01-02,2021-11-20,abierto
Bel Cockshot,2021-01-13,2021-06-03,abierto
Sofie Cheeke,2021-03-07,2020-12-14,cerrado
Donnie Phippen,2021-01-15,2021-08-28,abierto
Babbie Passler,2021-02-26,2021-07-26,abierto
Den Whyborne,2021-04-08,2021-05-15,abierto
Nissy Anstey,2021-11-08,2021-09-08,cerrado
Debee Troppmann,2021-05-04,2021-01-10,abierto
Sigismundo Reinbech,2021-11-09,2021-05-30,abierto
Chrissy Gravell,2021-06-22,2021-07-25,cerrado
Ermengarde Confait,2021-06-01,2021-03-26,abierto
Hercule Sapsforde,2020-10-08,2021-03-25,abierto
Jaymee Jakes,2021-01-28,2021-07-18,cerrado
Mal Grundy,2021-06-15,2021-08-08,cerrado
Caryl Richardet,2021-07-09,2021-04-01,cerrado
Felicle Bradforth,2021-01-11,2021-09-18,abierto
Eustace Sibbson,2021-11-06,2021-07-11,abierto
Evangelin Frossell,2020-09-02,2021-05-30,cerrado
Aviva O'Dyvoy,2021-01-09,2021-11-03,cerrado
Edythe Norcock,2020-12-29,2020-12-05,cerrado
Allyson Graham,2021-08-02,2021-09-11,cerrado
Martainn Garrique,2021-09-12,2021-06-03,abierto
Barbi Nowell,2021-03-15,2021-06-12,abierto
Stella Say,2021-02-22,2021-01-27,cerrado
Cindi Barensky,2021-11-12,2021-03-25,cerrado
Elenore Stainton,2021-06-09,2021-03-26,abierto
Dawn Stanbro,2020-12-16,2021-11-19,cerrado
Trev Beakes,2020-09-02,2021-08-11,cerrado
Caitlin Spencelayh,2020-10-08,2021-03-26,cerrado
